[

  {
    "Name": "red",
    "Category": "hue",
    "Type": "primary",
    "Code": {
      "RGBA": [
        255,
        0,
        0,
        1
      ],
      "Hex": "#FF0"
    }
  },
  {
    "Name": "blue",
    "Category": "hue",
    "Type": "primary",
    "Code": {
      "RGBA": [
        0,
        0,
        255,
        1
      ],
      "Hex": "#00F"
    }
  },
  {
    "Name": "yellow",
    "Category": "hue",
    "Type": "primary",
    "Code": {
      "RGBA": [
        255,
        255,
        0,
        1
      ],
      "Hex": "#FF0"
    }
  },
  {
    "Name": "green",
    "Category": "hue",
    "Type": "secondary",
    "Code": {
      "RGBA": [
        0,
        255,
        0,
        1
      ],
      "Hex": "#0F0"
    }
  },
  {
    "Name": "grey",
    "Category": "value",
    "Type": "secondary",
    "Code": {
      "RGBA": [
        1,
        1,
        0,
        1
      ],
      "Hex": "#FFE"
    }
  }
]